"Source","Target"
"CAN","MEX"
"USA","CAN"
"USA","MEX"
"MEX","CAN"
"DEU","SWE"
"DEU","HUN"
"DEU","DNK"
"CAN","GBR"
"CAN","JPN"
"CAN","DEU"
"CAN","USA"
"CAN","CHE"
"GBR","CAN"
"GBR","JPN"
"GBR","DEU"
"GBR","USA"
"GBR","CHE"
"JPN","CAN"
"JPN","GBR"
"JPN","DEU"
"JPN","USA"
"JPN","CHE"
"DEU","CAN"
"DEU","GBR"
"DEU","JPN"
"DEU","USA"
"DEU","CHE"
"USA","GBR"
"USA","JPN"
"USA","DEU"
"USA","CHE"
"CHE","CAN"
"CHE","GBR"
"CHE","JPN"
"CHE","DEU"
"CHE","USA"
"IND","BTN"
"CAN","KOR"
"KOR","CAN"
"ARG","CHN"
"CHN","ARG"
"KOR","AUS"
"AUS","KOR"
"EGY","CHN"
"CHN","EGY"
"JPN","THA"
"THA","JPN"
"TUR","QAT"
"QAT","TUR"
"MNG","CHN"
"CHN","MNG"
"CHN","NZL"
"NZL","CHN"
"HUN","CHN"
"CHN","HUN"
"KOR","CHN"
"CHN","KOR"
"ISL","CHN"
"CHN","ISL"
"DNK","NOR"
"NOR","DNK"
"NOR","SWE"
"SWE","NOR"
"HKG","CHN"
"CHN","HKG"
"CAN","CHN"
"CHN","CAN"
"CHN","LKA"
"LKA","CHN"
"JPN","KOR"
"JPN","BRN"
"JPN","KHM"
"JPN","HKG"
"JPN","IDN"
"JPN","LAO"
"JPN","MMR"
"JPN","MYS"
"JPN","CHN"
"JPN","PHL"
"JPN","SGP"
"JPN","VNM"
"KOR","JPN"
"KOR","BRN"
"KOR","KHM"
"KOR","HKG"
"KOR","IDN"
"KOR","LAO"
"KOR","MMR"
"KOR","MYS"
"KOR","PHL"
"KOR","SGP"
"KOR","THA"
"KOR","VNM"
"BRN","JPN"
"BRN","KOR"
"BRN","KHM"
"BRN","HKG"
"BRN","IDN"
"BRN","LAO"
"BRN","MMR"
"BRN","MYS"
"BRN","CHN"
"BRN","PHL"
"BRN","SGP"
"BRN","THA"
"BRN","VNM"
"KHM","JPN"
"KHM","KOR"
"KHM","BRN"
"KHM","HKG"
"KHM","IDN"
"KHM","LAO"
"KHM","MMR"
"KHM","MYS"
"KHM","CHN"
"KHM","PHL"
"KHM","SGP"
"KHM","THA"
"KHM","VNM"
"HKG","JPN"
"HKG","KOR"
"HKG","BRN"
"HKG","KHM"
"HKG","IDN"
"HKG","LAO"
"HKG","MMR"
"HKG","MYS"
"HKG","PHL"
"HKG","SGP"
"HKG","THA"
"HKG","VNM"
"IDN","JPN"
"IDN","KOR"
"IDN","BRN"
"IDN","KHM"
"IDN","HKG"
"IDN","LAO"
"IDN","MMR"
"IDN","MYS"
"IDN","CHN"
"IDN","PHL"
"IDN","SGP"
"IDN","THA"
"IDN","VNM"
"LAO","JPN"
"LAO","KOR"
"LAO","BRN"
"LAO","KHM"
"LAO","HKG"
"LAO","IDN"
"LAO","MMR"
"LAO","MYS"
"LAO","CHN"
"LAO","PHL"
"LAO","SGP"
"LAO","THA"
"LAO","VNM"
"MMR","JPN"
"MMR","KOR"
"MMR","BRN"
"MMR","KHM"
"MMR","HKG"
"MMR","IDN"
"MMR","LAO"
"MMR","MYS"
"MMR","CHN"
"MMR","PHL"
"MMR","SGP"
"MMR","THA"
"MMR","VNM"
"MYS","JPN"
"MYS","KOR"
"MYS","BRN"
"MYS","KHM"
"MYS","HKG"
"MYS","IDN"
"MYS","LAO"
"MYS","MMR"
"MYS","PHL"
"MYS","SGP"
"MYS","THA"
"MYS","VNM"
"CHN","JPN"
"CHN","BRN"
"CHN","KHM"
"CHN","IDN"
"CHN","LAO"
"CHN","MMR"
"CHN","PHL"
"CHN","SGP"
"CHN","THA"
"CHN","VNM"
"PHL","JPN"
"PHL","KOR"
"PHL","BRN"
"PHL","KHM"
"PHL","HKG"
"PHL","IDN"
"PHL","LAO"
"PHL","MMR"
"PHL","MYS"
"PHL","CHN"
"PHL","SGP"
"PHL","THA"
"PHL","VNM"
"SGP","JPN"
"SGP","KOR"
"SGP","BRN"
"SGP","KHM"
"SGP","HKG"
"SGP","IDN"
"SGP","LAO"
"SGP","MMR"
"SGP","MYS"
"SGP","CHN"
"SGP","PHL"
"SGP","THA"
"SGP","VNM"
"THA","KOR"
"THA","BRN"
"THA","KHM"
"THA","HKG"
"THA","IDN"
"THA","LAO"
"THA","MMR"
"THA","MYS"
"THA","CHN"
"THA","PHL"
"THA","SGP"
"THA","VNM"
"VNM","JPN"
"VNM","KOR"
"VNM","BRN"
"VNM","KHM"
"VNM","HKG"
"VNM","IDN"
"VNM","LAO"
"VNM","MMR"
"VNM","MYS"
"VNM","CHN"
"VNM","PHL"
"VNM","SGP"
"VNM","THA"
"NGA","CHN"
"CHN","NGA"
"KOR","TUR"
"TUR","KOR"
"TUR","ARE"
"ARE","TUR"
"IDN","AUS"
"AUS","IDN"
"DEU","POL"
"DEU","ALB"
"MAC","CHN"
"CHN","MAC"
"IND","MDV"
"CHN","ALB"
"ALB","CHN"
"MYS","CHN"
"CHN","MYS"
"PAK","CHN"
"CHN","PAK"
"CHN","QAT"
"QAT","CHN"
"RUS","CHN"
"CHN","ZAF"
"ZAF","CHN"
"TUR","CHN"
"CHN","ZWE"
"ZWE","CHN"
"IND","LKA"
"IND","AFG"
"IND","BGD"
"IND","NPL"
"IND","PAK"
"BRA","RUS"
"BRA","CHN"
"BRA","IND"
"BRA","ZAF"
"RUS","BRA"
"RUS","IND"
"RUS","ZAF"
"CHN","RUS"
"CHN","BRA"
"CHN","IND"
"IND","RUS"
"IND","CHN"
"IND","BRA"
"IND","ZAF"
"ZAF","RUS"
"ZAF","IND"
"ZAF","BRA"
"SAU","CHN"
"CHN","SAU"
"CHN","AUS"
"AUS","CHN"
"JPN","AUS"
"AUS","JPN"
"JPN","IND"
"IND","JPN"
"CHL","CHN"
"CHN","CHL"
"EGY","ARE"
"ARE","EGY"
"CHN","ARE"
"ARE","CHN"
"KOR","ARE"
"ARE","KOR"
"DEU","SMR"
"DEU","MKD"
"DEU","ROU"
"DEU","AND"
"HKG","NZL"
"NZL","HKG"
"CHN","TUR"
"GBR","CHN"
"CHN","GBR"
"CHN","CHE"
"CHE","CHN"
"KOR","CHE"
"CHE","KOR"
"DEU","CHN"
"CHN","DEU"
"USA","CHL"
"USA","COL"
"USA","GHA"
"USA","IDN"
"USA","LKA"
"USA","HKG"
"USA","SWE"
"USA","KOR"
